sloc,predictedValue,predictLabel,actualBugLabel
74.0,6.53051123236705E-238,0.0,0.0
66.0,2.2423686892783595E-226,0.0,0.0
205.0,0.0,0.0,1.0
419.0,0.0,0.0,1.0
97.0,6.013630049141608E-76,0.0,1.0
24.0,3.196783537852042E-163,0.0,0.0
209.0,0.0,0.0,0.0
156.0,1.0826177204774725E-245,0.0,1.0
1.0,0.0,0.0,0.0
218.0,0.0,0.0,1.0