"sloc","predictedValue","predictLabel","actualBugLabel"
66,0.516417004859023,1,0
205,0.655604791421951,1,1
419,0.656245916379852,1,1
97,0.556942324504417,1,1
24,0.524019633889065,1,0
209,0.650147975054319,1,0
156,0.650259333229331,1,1
1,0.651274318503309,1,0
218,0.588540500719516,1,1
