"sloc","predictedValue","predictLabel","actualBugLabel"
66,0.525118296013638,1,0
205,0.616864039974107,1,1
419,0.60027457599087,1,1
97,0.532071060528707,1,1
24,0.541136377218841,1,0
209,0.600834918771206,1,0
156,0.618393922977297,1,1
1,0.617096593166912,1,0
218,0.557916015906674,1,1
