"sloc","predictedValue","predictLabel","actualBugLabel"
66,0.503714059625059,1,0
205,0.384048021300685,0,1
419,0.426580775045237,0,1
97,0.516111455454671,1,1
24,0.50314037463347,1,0
209,0.419396974295465,0,0
156,0.362284720179103,0,1
1,0.402925960151446,0,0
218,0.485092267430774,0,1
