"sloc","predictedValue","predictLabel","actualBugLabel"
66,0.30539711209104,0,0
205,0.449606305834481,0,1
419,0.435987471288262,0,1
97,0.304077983303063,0,1
24,0.339707808833001,0,0
209,0.469509859564823,0,0
156,0.480342985692075,0,1
1,0.458421412405002,0,0
218,0.421468109509797,0,1
