"sloc","predictedValue","predictLabel","actualBugLabel"
274,0.440185286942006,0,1
992,0.394030388119054,0,1
21,0.443529764719049,0,0
245,0.528827643045495,1,1
387,0.507518441182146,1,1
265,0.512295596213355,1,1
412,0.532060389745664,1,1
148,0.512696658735817,1,1
88,0.478359683469422,0,0
14,0.423923933769979,0,0
227,0.496758035453934,0,1
355,0.443968156024441,0,1
103,0.376128690182255,0,0
251,0.514094637449751,1,1
639,0.437434614359357,0,1
764,0.463089516551383,0,1
432,0.518426721107803,1,0
