"sloc","predictedValue","predictLabel","actualBugLabel"
66,0.426063949852361,0,0
205,0.550226087256626,1,1
419,0.543476537322206,1,1
97,0.433143148282915,0,1
24,0.443638070698382,0,0
209,0.528807307392012,1,0
156,0.557335166437815,1,1
1,0.543726711182965,1,0
218,0.482156104073439,0,1
