"sloc","predictedValue","predictLabel","actualBugLabel"
66,0.550189732259321,1,0
205,0.364966099549459,0,1
419,0.415462762110956,0,1
97,0.567655725377083,1,1
24,0.520346389808435,1,0
209,0.410141104156377,0,0
156,0.367035668888589,0,1
1,0.385894679898137,0,0
218,0.464419508310829,0,1
