"sloc","predictedValue","predictLabel","actualBugLabel"
274,0.494169190404383,0,1
992,0.649742151404463,1,1
21,0.390776716593768,0,0
245,0.244169426651,0,1
387,0.319836546239995,0,1
265,0.23221234529749,0,1
412,0.256049019528878,0,1
148,0.26552070371569,0,1
88,0.292267302188471,0,0
14,0.585820973728157,1,0
227,0.23370689750363,0,1
355,0.498133744289063,0,1
103,0.631433939510906,1,0
251,0.231315790013176,0,1
639,0.530872011608779,1,1
764,0.491509612894589,0,1
432,0.270088428072378,0,0
