"sloc","predictedValue","predictLabel","actualBugLabel"
66,0.657899401327829,1,0
205,0.865150425493639,1,1
419,0.861720788219421,1,1
97,0.738026746500838,1,1
24,0.767338238443209,1,0
209,0.877940935874999,1,0
156,0.862553294054006,1,1
1,0.887289020634626,1,0
218,0.801123205655284,1,1
