"sloc","predictedValue","predictLabel","actualBugLabel"
66,0.669266527354762,1,0
205,0.885546221338528,1,1
419,0.84028604121799,1,1
97,0.673604542271435,1,1
24,0.705135159388583,1,0
209,0.855136026264532,1,0
156,0.860247991835307,1,1
1,0.84745231328872,1,0
218,0.811940892318901,1,1
