"sloc","predictedValue","predictLabel","actualBugLabel"
274,0.537998080669354,1,1
992,0.569774196595022,1,1
21,0.529089398494178,1,0
245,0.497778218443987,0,1
387,0.532509068521884,1,1
265,0.499270930295639,0,1
412,0.51542091754071,1,1
148,0.512477627569356,1,1
88,0.514023858160508,1,0
14,0.557490494784312,1,0
227,0.48823076598814,0,1
355,0.527813795703673,1,1
103,0.557896863455442,1,0
251,0.503423861720086,1,1
639,0.566877786637396,1,1
764,0.537496933345749,1,1
432,0.518947658602543,1,0
