"sloc","predictedValue","predictLabel","actualBugLabel"
274,0.4236011138312,0,1
992,0.473064813439782,0,1
21,0.492927812754319,0,0
245,0.419360748100761,0,1
387,0.404249181851958,0,1
265,0.413556565649209,0,1
412,0.412711585798584,0,1
148,0.412565674937183,0,1
88,0.406228037941566,0,0
14,0.470212943390437,0,0
227,0.399748682598187,0,1
355,0.393525440144195,0,1
103,0.473724709088208,0,0
251,0.42990510018081,0,1
639,0.473712480008237,0,1
764,0.437638924215062,0,1
432,0.390540111219865,0,0
