"sloc","predictedValue","predictLabel","actualBugLabel"
274,0.530647380202366,1,1
992,0.665747802546051,1,1
21,0.554801851319048,1,0
245,0.373327346002304,0,1
387,0.482669139165351,0,1
265,0.403663087176113,0,1
412,0.403848155743206,0,1
148,0.427982253508219,0,1
88,0.403073188068082,0,0
14,0.598958600383224,1,0
227,0.438609959788938,0,1
355,0.532786000730142,1,1
103,0.655909724074558,1,0
251,0.460835231993338,0,1
639,0.608893718353204,1,1
764,0.530257183078314,1,1
432,0.420606222570519,0,0
