"sloc","predictedValue","predictLabel","actualBugLabel"
66,0.261126862271825,0,0
205,0.591559981598108,1,1
419,0.553327988009524,1,1
97,0.293781180000659,0,1
24,0.306906254777519,0,0
209,0.514011216960362,1,0
156,0.475475403566575,0,1
1,0.527352874638914,1,0
218,0.444764197320237,0,1
