"sloc","predictedValue","predictLabel","actualBugLabel"
66,0.94540083198493,1,0
205,0.994624217677858,1,1
419,0.993152231978994,1,1
97,0.972530824258844,1,1
24,0.968403972491802,1,0
209,0.991088345325936,1,0
156,0.995489930962182,1,1
1,0.992651357401044,1,0
218,0.984587071088974,1,1
