"sloc","predictedValue","predictLabel","actualBugLabel"
66,0.487017967483642,0,0
205,0.496536358971435,0,1
419,0.475373145766768,0,1
97,0.480442161925806,0,1
24,0.493596469057458,0,0
209,0.471480374139354,0,0
156,0.479073685263403,0,1
1,0.515618848752501,1,0
218,0.47219898041728,0,1
