"sloc","predictedValue","predictLabel","actualBugLabel"
66,0.381692107883012,0,0
205,0.541058791657804,1,1
419,0.516426690487365,1,1
97,0.376911754157991,0,1
24,0.440303259138347,0,0
209,0.508430899264749,1,0
156,0.568156745133831,1,1
1,0.549630946866568,1,0
218,0.489842519746698,0,1
