"sloc","predictedValue","predictLabel","actualBugLabel"
274,0.605725671838078,1,1
992,0.518697685749207,1,1
21,0.589088931665697,1,0
245,0.65364691738988,1,1
387,0.618828800200607,1,1
265,0.654978639336302,1,1
412,0.668969906200524,1,1
148,0.644573438877652,1,1
88,0.670563361134535,1,0
14,0.542228177891016,1,0
227,0.68090226121215,1,1
355,0.584687129793231,1,1
103,0.526189332893439,1,0
251,0.662989012140234,1,1
639,0.540206774083131,1,1
764,0.599163412755359,1,1
432,0.679024794839336,1,0
