"sloc","predictedValue","predictLabel","actualBugLabel"
274,0.414759582033974,0,1
992,0.276036619877715,0,1
21,0.335389388752278,0,0
245,0.576490598137959,1,1
387,0.507814699958567,1,1
265,0.626799644996902,1,1
412,0.588249676478659,1,1
148,0.5698234200812,1,1
88,0.589674791512077,1,0
14,0.339686924581967,0,0
227,0.604039750829087,1,1
355,0.386278357340778,0,1
103,0.274691854965697,0,0
251,0.566724203952952,1,1
639,0.312501684291337,0,1
764,0.406730655092666,0,1
432,0.520241742233838,1,0
