"sloc","predictedValue","predictLabel","actualBugLabel"
66,0.917099780776155,1,0
205,0.949876209059075,1,1
419,0.947383801043498,1,1
97,0.91365618714651,1,1
24,0.927361525751198,1,0
209,0.946066683530756,1,0
156,0.943432444091916,1,1
1,0.948695615647908,1,0
218,0.943893102665267,1,1
