"sloc","predictedValue","predictLabel","actualBugLabel"
274,0.443496275938989,0,1
992,0.452218288404957,0,1
21,0.442503667099685,0,0
245,0.449299415759515,0,1
387,0.461312295412685,0,1
265,0.459224789363163,0,1
412,0.453597115245812,0,1
148,0.457647208220589,0,1
88,0.465219467632367,0,0
14,0.449043341857425,0,0
227,0.445842531849556,0,1
355,0.453103724486363,0,1
103,0.454806275796448,0,0
251,0.454580117852063,0,1
639,0.439886175165798,0,1
764,0.448089018354899,0,1
432,0.459767614264446,0,0
