"sloc","predictedValue","predictLabel","actualBugLabel"
274,0.505656748463075,1,1
992,0.545606221813297,1,1
21,0.501640755399414,1,0
245,0.478225260651683,0,1
387,0.515019979392182,1,1
265,0.4507215752267,0,1
412,0.461385370308934,0,1
148,0.487103639745071,0,1
88,0.463892431444231,0,0
14,0.503479841396515,1,0
227,0.484560025096546,0,1
355,0.529333269683992,1,1
103,0.559561765569322,1,0
251,0.468809387607005,0,1
639,0.535800727018139,1,1
764,0.471457023703408,0,1
432,0.475452291472222,0,0
