"sloc","predictedValue","predictLabel","actualBugLabel"
66,0.489843472305155,0,0
205,0.492952919578106,0,1
419,0.501230236004529,1,1
97,0.48855699546651,0,1
24,0.488070288873254,0,0
209,0.502782966956336,1,0
156,0.493076081104247,0,1
1,0.49996788249411,0,0
218,0.501836837453373,1,1
