"sloc","predictedValue","predictLabel","actualBugLabel"
66,0.384800765289879,0,0
205,0.684904057587636,1,1
419,0.673527317987666,1,1
97,0.40451627738804,0,1
24,0.3865082405365,0,0
209,0.701139375421727,1,0
156,0.598025016896424,1,1
1,0.659446633252412,1,0
218,0.594668365420203,1,1
