"sloc","predictedValue","predictLabel","actualBugLabel"
274,0.274791989959956,0,1
992,0.0950929596557479,0,1
21,0.305646092866048,0,0
245,0.832451121899321,1,1
387,0.585026298210408,1,1
265,0.815087385361426,1,1
412,0.794157005779928,1,1
148,0.692216825544262,1,1
88,0.73367692406029,1,0
14,0.132162689056324,0,0
227,0.7776517966133,1,1
355,0.203672751930072,0,1
103,0.0735377677578541,0,0
251,0.813848076254666,1,1
639,0.230004075313415,0,1
764,0.303293311994913,0,1
432,0.688000840647074,1,0
