"sloc","predictedValue","predictLabel","actualBugLabel"
274,0.556675981707885,1,1
992,0.624121003981529,1,1
21,0.549304363483247,1,0
245,0.340989262334971,0,1
387,0.405928658167272,0,1
265,0.321640949236693,0,1
412,0.378393156341057,0,1
148,0.373807162381798,0,1
88,0.348290397428464,0,0
14,0.585452776568582,1,0
227,0.311644036829311,0,1
355,0.553455373443737,1,1
103,0.627081145723792,1,0
251,0.339725106370989,0,1
639,0.560846953664495,1,1
764,0.501483496519339,1,1
432,0.37383562910308,0,0
