"sloc","predictedValue","predictLabel","actualBugLabel"
274,0.420274741815654,0,1
992,0.51072593635177,1,1
21,0.440680690242707,0,0
245,0.374841804638829,0,1
387,0.39670935455914,0,1
265,0.378036003192095,0,1
412,0.376780514405361,0,1
148,0.406345858353444,0,1
88,0.378790631826925,0,0
14,0.461641570638848,0,0
227,0.390303628722309,0,1
355,0.440748322988283,0,1
103,0.481814914314993,0,0
251,0.363362641337515,0,1
639,0.462598013567288,0,1
764,0.416458898818084,0,1
432,0.391845370433874,0,0
