"sloc","predictedValue","predictLabel","actualBugLabel"
66,0.469858312388926,0,0
205,0.448445894994848,0,1
419,0.454373426318314,0,1
97,0.472423472434248,0,1
24,0.447490668861867,0,0
209,0.45910826333807,0,0
156,0.444476513259669,0,1
1,0.444522533744071,0,0
218,0.446953695248719,0,1
