"sloc","predictedValue","predictLabel","actualBugLabel"
274,0.527418992421766,1,1
992,0.582802502893409,1,1
21,0.536037544402828,1,0
245,0.392969104805318,0,1
387,0.44512267522822,0,1
265,0.372892249829449,0,1
412,0.398809944469235,0,1
148,0.430438434811243,0,1
88,0.396030834648549,0,0
14,0.603285173243044,1,0
227,0.395366371565493,0,1
355,0.539184277548089,1,1
103,0.59092473889844,1,0
251,0.393141530091802,0,1
639,0.547493157240397,1,1
764,0.497843821658827,0,1
432,0.433417091617631,0,0
