"sloc","predictedValue","predictLabel","actualBugLabel"
274,0.605741335263698,1,1
992,0.664439797968869,1,1
21,0.596139623131925,1,0
245,0.502300021352362,1,1
387,0.547956334279457,1,1
265,0.515764608811938,1,1
412,0.517327159999504,1,1
148,0.536143875997567,1,1
88,0.518195821990707,1,0
14,0.620824921929195,1,0
227,0.490847195997819,0,1
355,0.595154042268365,1,1
103,0.651721051546922,1,0
251,0.509032665807133,1,1
639,0.643070129914388,1,1
764,0.616364758783827,1,1
432,0.501024260692785,1,0
