"sloc","predictedValue","predictLabel","actualBugLabel"
274,0.501907898800249,1,1
992,0.527845582550706,1,1
21,0.451578195605699,0,0
245,0.372812236889317,0,1
387,0.451990305692937,0,1
265,0.361024348344275,0,1
412,0.374308720926013,0,1
148,0.389395231159621,0,1
88,0.393851242497067,0,0
14,0.513474561484694,1,0
227,0.341246098206515,0,1
355,0.501826285673531,1,1
103,0.508088596967364,1,0
251,0.361933108917017,0,1
639,0.492888536406473,0,1
764,0.491092833483852,0,1
432,0.372437976192854,0,0
