"sloc","predictedValue","predictLabel","actualBugLabel"
274,0.59575788111396,1,1
992,0.704021725082695,1,1
21,0.538416283878242,1,0
245,0.454480185640577,0,1
387,0.481497639152497,0,1
265,0.422429933790223,0,1
412,0.386245020985485,0,1
148,0.427273035084537,0,1
88,0.427681239623239,0,0
14,0.622506764222721,1,0
227,0.40285652758273,0,1
355,0.57277123465802,1,1
103,0.678977863130822,1,0
251,0.403492868426599,0,1
639,0.622849897830952,1,1
764,0.598321989215618,1,1
432,0.430703885746555,0,0
