"sloc","predictedValue","predictLabel","actualBugLabel"
274,0.471865578366128,0,1
992,0.396430218874374,0,1
21,0.434969207452852,0,0
245,0.554743040537089,1,1
387,0.461684684118239,0,1
265,0.534087317273657,1,1
412,0.510443978213713,1,1
148,0.504805664639451,1,1
88,0.525548717313882,1,0
14,0.429316505396612,0,0
227,0.490084381238909,0,1
355,0.430076111697535,0,1
103,0.404264218437202,0,0
251,0.492358068449811,0,1
639,0.387754856670808,0,1
764,0.458883656290407,0,1
432,0.49503920681445,0,0
