"sloc","predictedValue","predictLabel","actualBugLabel"
274,0.600331807079155,1,1
992,0.684188420660553,1,1
21,0.597627721133867,1,0
245,0.505138038845189,1,1
387,0.542725721269962,1,1
265,0.505845864128279,1,1
412,0.4891973517356,0,1
148,0.52728431494196,1,1
88,0.51280252049436,1,0
14,0.685563617793489,1,0
227,0.491194575740647,0,1
355,0.620721552870491,1,1
103,0.69123790240297,1,0
251,0.484886173591512,0,1
639,0.64157547837839,1,1
764,0.619869902802716,1,1
432,0.50718896621538,1,0
