"sloc","predictedValue","predictLabel","actualBugLabel"
66,0.307129149223001,0,0
205,0.616905805581439,1,1
419,0.604320989688612,1,1
97,0.320384715630839,0,1
24,0.306832469704847,0,0
209,0.532111712319238,1,0
156,0.654025609527163,1,1
1,0.660871445838464,1,0
218,0.407457913096038,0,1
