"sloc","predictedValue","predictLabel","actualBugLabel"
274,0.594376690667524,1,1
992,0.472457286724505,0,1
21,0.591795054007097,1,0
245,0.705526139117848,1,1
387,0.662365773423319,1,1
265,0.725381664187545,1,1
412,0.71667015969469,1,1
148,0.683070791154039,1,1
88,0.698000150116418,1,0
14,0.50366311437957,1,0
227,0.72356029642119,1,1
355,0.566690935079784,1,1
103,0.469149188128407,0,0
251,0.733029387165131,1,1
639,0.552778461820299,1,1
764,0.569087135552062,1,1
432,0.641919940881531,1,0
