"sloc","predictedValue","predictLabel","actualBugLabel"
274,0.995256384608076,1,1
992,0.997511666028121,1,1
21,0.994795774397751,1,0
245,0.968641048010597,1,1
387,0.988263503830915,1,1
265,0.972566388203896,1,1
412,0.988874674291754,1,1
148,0.987023740505432,1,1
88,0.982348111589286,1,0
14,0.996551677724056,1,0
227,0.98251796827964,1,1
355,0.996153628076329,1,1
103,0.997567635299087,1,0
251,0.969290759053669,1,1
639,0.996439638758889,1,1
764,0.994937230173816,1,1
432,0.98221957076602,1,0
