"sloc","predictedValue","predictLabel","actualBugLabel"
274,0.843650983056377,1,1
992,0.827362024932875,1,1
21,0.848306673470891,1,0
245,0.820125747431087,1,1
387,0.814615683206894,1,1
265,0.830097703506813,1,1
412,0.818294326231469,1,1
148,0.786900856319622,1,1
88,0.791080219317947,1,0
14,0.877694504622017,1,0
227,0.838669737358439,1,1
355,0.836382343500568,1,1
103,0.838470862670526,1,0
251,0.789376715572079,1,1
639,0.875337625629992,1,1
764,0.858241016610563,1,1
432,0.798768757809246,1,0
