"sloc","predictedValue","predictLabel","actualBugLabel"
66,0.451400019661497,0,0
205,0.584198922412024,1,1
419,0.568378473468142,1,1
97,0.443516023928327,0,1
24,0.454957594002602,0,0
209,0.571219533642181,1,0
156,0.566361792859033,1,1
1,0.557992191220762,1,0
218,0.498419243786442,0,1
