"sloc","predictedValue","predictLabel","actualBugLabel"
274,0.501193998668699,1,1
992,0.579876666522173,1,1
21,0.518411458385331,1,0
245,0.420693850615283,0,1
387,0.475524933487306,0,1
265,0.427404432374567,0,1
412,0.41076992266051,0,1
148,0.443744818700584,0,1
88,0.444492558558157,0,0
14,0.561845905434016,1,0
227,0.41912181154362,0,1
355,0.527657060116404,1,1
103,0.563080649195387,1,0
251,0.455329419624907,0,1
639,0.535417142867196,1,1
764,0.535036973314374,1,1
432,0.431985340543106,0,0
