"sloc","predictedValue","predictLabel","actualBugLabel"
66,0.467290218476172,0,0
205,0.48811258625389,0,1
419,0.485744270756188,0,1
97,0.464088973024967,0,1
24,0.476165114480463,0,0
209,0.485138802683499,0,0
156,0.483554354253979,0,1
1,0.484644678935099,0,0
218,0.476159412453475,0,1
