"sloc","predictedValue","predictLabel","actualBugLabel"
66,0.472476106251432,0,0
205,0.515826429040475,1,1
419,0.514244347232414,1,1
97,0.462822755903789,0,1
24,0.467693167562402,0,0
209,0.507994835915409,1,0
156,0.512306040860243,1,1
1,0.510231831225152,1,0
218,0.495050556528915,0,1
