"sloc","predictedValue","predictLabel","actualBugLabel"
66,0.429165823163052,0,0
205,0.480105712375449,0,1
419,0.469567148444486,0,1
97,0.4341878630528,0,1
24,0.440737678971171,0,0
209,0.486099652970419,0,0
156,0.480708189370298,0,1
1,0.479124314862603,0,0
218,0.450012874888153,0,1
