"sloc","predictedValue","predictLabel","actualBugLabel"
274,0.432425945258301,0,1
992,0.313839797670026,0,1
21,0.45449440807815,0,0
245,0.569826424283321,1,1
387,0.487997937443942,0,1
265,0.614576231875901,1,1
412,0.543764680862051,1,1
148,0.575119168340909,1,1
88,0.563607849101358,1,0
14,0.378160516911482,0,0
227,0.601807101013379,1,1
355,0.418194908838745,0,1
103,0.328141523373601,0,0
251,0.569297795088729,1,1
639,0.396870810111289,0,1
764,0.41253793298089,0,1
432,0.557648419619008,1,0
