"sloc","predictedValue","predictLabel","actualBugLabel"
274,0.466073954670767,0,1
992,0.292503738292432,0,1
21,0.459209873951324,0,0
245,0.615422174175341,1,1
387,0.531298435312205,1,1
265,0.652855188602155,1,1
412,0.618231667403108,1,1
148,0.600193365479981,1,1
88,0.558381121326364,1,0
14,0.360896501618352,0,0
227,0.623230675361493,1,1
355,0.454997384260123,0,1
103,0.301461699474477,0,0
251,0.639495575542372,1,1
639,0.384639226221416,0,1
764,0.417851749736835,0,1
432,0.574855169322267,1,0
