"sloc","predictedValue","predictLabel","actualBugLabel"
66,0.143032543916839,0,0
205,0.462345986496637,0,1
419,0.373431116016901,0,1
97,0.131068956680544,0,1
24,0.141331390693785,0,0
209,0.367074795725939,0,0
156,0.505235115784498,1,1
1,0.455090162854961,0,0
218,0.256252931452827,0,1
