"sloc","predictedValue","predictLabel","actualBugLabel"
66,0.54833418015908,1,0
205,0.412266856144275,0,1
419,0.440564670368676,0,1
97,0.504210686306608,1,1
24,0.543825461881036,1,0
209,0.438875721066486,0,0
156,0.426378664866637,0,1
1,0.418296509745151,0,0
218,0.500461071179438,1,1
