"sloc","predictedValue","predictLabel","actualBugLabel"
274,0.458645410795379,0,1
992,0.576319079121324,1,1
21,0.4922007048189,0,0
245,0.35030944217129,0,1
387,0.41454007684554,0,1
265,0.336335274648901,0,1
412,0.372842954464966,0,1
148,0.352422201991092,0,1
88,0.381300540265908,0,0
14,0.535708038654496,1,0
227,0.356028097592516,0,1
355,0.505965575217845,1,1
103,0.567023526390581,1,0
251,0.354667839596276,0,1
639,0.538085283189564,1,1
764,0.479838757386572,0,1
432,0.377600420403979,0,0
