"sloc","predictedValue","predictLabel","actualBugLabel"
66,0.858799300126504,1,0
205,0.107446904376898,0,1
419,0.127218965952173,0,1
97,0.880663923614866,1,1
24,0.770678958067002,1,0
209,0.245359522344106,0,0
156,0.14664159763723,0,1
1,0.139737255852331,0,0
218,0.369207688286575,0,1
