"sloc","predictedValue","predictLabel","actualBugLabel"
274,0.499431581154484,0,1
992,0.504038225663561,1,1
21,0.498985748883375,0,0
245,0.499543312374677,0,1
387,0.507532764568836,1,1
265,0.518799549669081,1,1
412,0.515081678828664,1,1
148,0.503843242015552,1,1
88,0.509856211835547,1,0
14,0.499706467563674,0,0
227,0.510219145619763,1,1
355,0.495604329622362,0,1
103,0.490949026949466,0,0
251,0.51313207635009,1,1
639,0.497046364344303,0,1
764,0.495349635932609,0,1
432,0.506081868023433,1,0
