"sloc","predictedValue","predictLabel","actualBugLabel"
66,0.787707095256913,1,0
205,0.428048122363227,0,1
419,0.517511401283306,1,1
97,0.765575118293801,1,1
24,0.744699319498606,1,0
209,0.49638311012999,0,0
156,0.461235026111869,0,1
1,0.463881291620265,0,0
218,0.550661361723937,1,1
