"sloc","predictedValue","predictLabel","actualBugLabel"
66,0.597719342752427,1,0
205,0.278509319589945,0,1
419,0.275365709743995,0,1
97,0.631257928571448,1,1
24,0.53900658529551,1,0
209,0.32832935635717,0,0
156,0.227770311631514,0,1
1,0.244124059425556,0,0
218,0.438860431367541,0,1
