"sloc","predictedValue","predictLabel","actualBugLabel"
274,0.479280654082311,0,1
992,0.512214404411629,1,1
21,0.484138948396865,0,0
245,0.447113004476997,0,1
387,0.469633683738388,0,1
265,0.43250602889596,0,1
412,0.447606104139155,0,1
148,0.460476968254538,0,1
88,0.449155913832852,0,0
14,0.494870344172678,0,0
227,0.436176133948002,0,1
355,0.492422311774622,0,1
103,0.503286829538531,1,0
251,0.436355469906791,0,1
639,0.486658134775115,0,1
764,0.480190348142213,0,1
432,0.444664901993769,0,0
