"sloc","predictedValue","predictLabel","actualBugLabel"
274,0.685637431109477,1,1
992,0.637763248734708,1,1
21,0.701026740666328,1,0
245,0.503933817583223,1,1
387,0.584442594294018,1,1
265,0.499609707599662,0,1
412,0.507773991668977,1,1
148,0.554632216437598,1,1
88,0.587745782367416,1,0
14,0.644784202444725,1,0
227,0.482476500792283,0,1
355,0.678790982728629,1,1
103,0.626455649470529,1,0
251,0.551568714015611,1,1
639,0.631943499007821,1,1
764,0.611516732750969,1,1
432,0.560678713715983,1,0
