"sloc","predictedValue","predictLabel","actualBugLabel"
274,0.57810484831726,1,1
992,0.628953995489984,1,1
21,0.592923595502757,1,0
245,0.48680538658134,0,1
387,0.501345195703781,1,1
265,0.478209704393681,0,1
412,0.522733091119504,1,1
148,0.522610131477658,1,1
88,0.541129607933359,1,0
14,0.574050666213108,1,0
227,0.48751964318419,0,1
355,0.581774144821175,1,1
103,0.63523575251606,1,0
251,0.485962474230918,0,1
639,0.543915389051669,1,1
764,0.568645388708781,1,1
432,0.518538646673077,1,0
