"sloc","predictedValue","predictLabel","actualBugLabel"
66,0.5024082930021,1,0
205,0.735612125277868,1,1
419,0.698119214995765,1,1
97,0.470344612652758,0,1
24,0.530163348002748,1,0
209,0.704765136169806,1,0
156,0.719420256558916,1,1
1,0.715751441602763,1,0
218,0.657653011286,1,1
