"sloc","predictedValue","predictLabel","actualBugLabel"
274,0.583008157423192,1,1
992,0.61846406026087,1,1
21,0.54749812381148,1,0
245,0.45196479536409,0,1
387,0.498673301579234,0,1
265,0.420377018102495,0,1
412,0.435872731318281,0,1
148,0.444507992188279,0,1
88,0.466713577077067,0,0
14,0.571477466384912,1,0
227,0.418402927722513,0,1
355,0.566327345046329,1,1
103,0.610267624661404,1,0
251,0.451253995421893,0,1
639,0.578273703191931,1,1
764,0.551846786087276,1,1
432,0.433824822347856,0,0
