"sloc","predictedValue","predictLabel","actualBugLabel"
274,0.494028614123279,0,1
992,0.656421869173492,1,1
21,0.402560214148709,0,0
245,0.147936341325793,0,1
387,0.299187075384181,0,1
265,0.113481071561842,0,1
412,0.179055631460286,0,1
148,0.210284518730348,0,1
88,0.213863980072075,0,0
14,0.496511151114131,0,0
227,0.126598646570581,0,1
355,0.454093345881234,0,1
103,0.598647676548276,1,0
251,0.163731268770663,0,1
639,0.496441394585671,0,1
764,0.391975947885419,0,1
432,0.182839510059329,0,0
