"sloc","predictedValue","predictLabel","actualBugLabel"
274,0.889039868111242,1,1
992,0.922304515843527,1,1
21,0.872279320390698,1,0
245,0.695823102845352,1,1
387,0.74665251206016,1,1
265,0.62845628703256,1,1
412,0.694383711798121,1,1
148,0.675093320416408,1,1
88,0.744966883732795,1,0
14,0.886773790508119,1,0
227,0.583768944493334,1,1
355,0.861939045194781,1,1
103,0.927291814812073,1,0
251,0.728967028567674,1,1
639,0.887584446843978,1,1
764,0.875984305924414,1,1
432,0.742236543432498,1,0
