"sloc","predictedValue","predictLabel","actualBugLabel"
274,0.463472605667084,0,1
992,0.539915775776843,1,1
21,0.467878320676392,0,0
245,0.36475583468822,0,1
387,0.417385881673673,0,1
265,0.366682813944226,0,1
412,0.394387884783943,0,1
148,0.383574886388592,0,1
88,0.407820107743711,0,0
14,0.503594149745301,1,0
227,0.371418129737657,0,1
355,0.477174963665889,0,1
103,0.527474079420998,1,0
251,0.390650894385862,0,1
639,0.493131145187269,0,1
764,0.455333659839916,0,1
432,0.386845722707673,0,0
