"sloc","predictedValue","predictLabel","actualBugLabel"
66,0.369346521855563,0,0
205,0.467520950723913,0,1
419,0.447854285488344,0,1
97,0.402159690125773,0,1
24,0.368084928364678,0,0
209,0.433180078931405,0,0
156,0.476007947514852,0,1
1,0.47695061834346,0,0
218,0.417796967284728,0,1
