"sloc","predictedValue","predictLabel","actualBugLabel"
274,0.384835301673429,0,1
992,0.279709243329386,0,1
21,0.389683436037688,0,0
245,0.525517298265184,1,1
387,0.467161324407434,0,1
265,0.547178595713744,1,1
412,0.516757640926861,1,1
148,0.52230832557171,1,1
88,0.515436780265139,1,0
14,0.353124251609127,0,0
227,0.54847554984436,1,1
355,0.389458534070802,0,1
103,0.314478479059343,0,0
251,0.533846173438716,1,1
639,0.355784128559178,0,1
764,0.398403955935196,0,1
432,0.522752272788198,1,0
