"sloc","predictedValue","predictLabel","actualBugLabel"
274,0.512600480215608,1,1
992,0.58973211397247,1,1
21,0.532460653993377,1,0
245,0.416613180615436,0,1
387,0.487906882996935,0,1
265,0.394825369504893,0,1
412,0.421196993270413,0,1
148,0.422970385052464,0,1
88,0.427319986240942,0,0
14,0.538375970543086,1,0
227,0.398663656982018,0,1
355,0.512670772736054,1,1
103,0.575124426766188,1,0
251,0.425555010149238,0,1
639,0.570253192918723,1,1
764,0.535137967875452,1,1
432,0.440182960835503,0,0
