"sloc","predictedValue","predictLabel","actualBugLabel"
274,0.492745614896245,0,1
992,0.610190895030565,1,1
21,0.505197267126283,1,0
245,0.405257899183089,0,1
387,0.453779390170796,0,1
265,0.365083755306665,0,1
412,0.407907179768845,0,1
148,0.431680521406715,0,1
88,0.402541664372058,0,0
14,0.544066069432623,1,0
227,0.383081927892089,0,1
355,0.51524187435772,1,1
103,0.616872135894475,1,0
251,0.397799502453779,0,1
639,0.539751480795358,1,1
764,0.51135867127769,1,1
432,0.401753362798673,0,0
