"sloc","predictedValue","predictLabel","actualBugLabel"
274,0.499902724710804,0,1
992,0.648306653390842,1,1
21,0.492175455929594,0,0
245,0.242108495869839,0,1
387,0.30141045979971,0,1
265,0.205326996366542,0,1
412,0.211984143750946,0,1
148,0.255217439501691,0,1
88,0.26101666297843,0,0
14,0.587466333586212,1,0
227,0.2275634326956,0,1
355,0.448874297462912,0,1
103,0.619841472890904,1,0
251,0.240831994794386,0,1
639,0.561070447961536,1,1
764,0.472502703209745,0,1
432,0.201458558056723,0,0
