"sloc","predictedValue","predictLabel","actualBugLabel"
66,0.889611246775845,1,0
205,0.621219149596231,1,1
419,0.582479327345665,1,1
97,0.888100510469449,1,1
24,0.837268726246847,1,0
209,0.642615153669083,1,0
156,0.614577188851725,1,1
1,0.560625444036355,1,0
218,0.792625308138902,1,1
