"sloc","predictedValue","predictLabel","actualBugLabel"
274,0.424956543178939,0,1
992,0.879223179753492,1,1
21,0.380800339948932,0,0
245,0.0670886369044888,0,1
387,0.166834885371887,0,1
265,0.0458281756974112,0,1
412,0.0871451649551442,0,1
148,0.099941822887931,0,1
88,0.09294141658147,0,0
14,0.68354970063435,1,0
227,0.0566519956152006,0,1
355,0.605408251270027,1,1
103,0.800312009086915,1,0
251,0.0717647587961955,0,1
639,0.709939294167497,1,1
764,0.47031435031141,0,1
432,0.102919399598408,0,0
