"sloc","predictedValue","predictLabel","actualBugLabel"
66,0.594493761365756,1,0
205,0.306536700583127,0,1
419,0.35840328666344,0,1
97,0.581972932202994,1,1
24,0.546637665378884,1,0
209,0.364388837728503,0,0
156,0.325815604963869,0,1
1,0.370479767787849,0,0
218,0.519721199395759,1,1
