"sloc","predictedValue","predictLabel","actualBugLabel"
274,0.507734388128739,1,1
992,0.590663982051294,1,1
21,0.513128938830495,1,0
245,0.41088478059556,0,1
387,0.456492500568842,0,1
265,0.384502117505694,0,1
412,0.431543265063883,0,1
148,0.409268506123948,0,1
88,0.409203148319925,0,0
14,0.549087418515413,1,0
227,0.395617650429618,0,1
355,0.512576759243681,1,1
103,0.603522013097661,1,0
251,0.398510492463417,0,1
639,0.583451992650069,1,1
764,0.505270109980306,1,1
432,0.413641190093169,0,0
