"sloc","predictedValue","predictLabel","actualBugLabel"
66,0.443081349107798,0,0
205,0.592931228894542,1,1
419,0.589140032056352,1,1
97,0.385953294599827,0,1
24,0.410917568755975,0,0
209,0.564880416778602,1,0
156,0.583521883181125,1,1
1,0.598771354196516,1,0
218,0.486458438752671,0,1
