"sloc","predictedValue","predictLabel","actualBugLabel"
274,0.673740128699982,1,1
992,0.762190028148658,1,1
21,0.648608050589827,1,0
245,0.502337666228135,1,1
387,0.563491609450282,1,1
265,0.485517237826803,0,1
412,0.493865179294138,0,1
148,0.501445711666449,1,1
88,0.490981399212251,0,0
14,0.700688981484509,1,0
227,0.482210494744465,0,1
355,0.656871154048916,1,1
103,0.745851420553288,1,0
251,0.482194895910614,0,1
639,0.703148997387105,1,1
764,0.659334160926293,1,1
432,0.501498527095321,1,0
