"sloc","predictedValue","predictLabel","actualBugLabel"
274,0.582891537584772,1,1
992,0.446652383198168,0,1
21,0.525112810741904,1,0
245,0.671127767735793,1,1
387,0.608394127146524,1,1
265,0.669013776745012,1,1
412,0.645566896030276,1,1
148,0.671626389140586,1,1
88,0.660441788876155,1,0
14,0.515291824291678,1,0
227,0.649840963908857,1,1
355,0.475102802990727,0,1
103,0.485506781041363,0,0
251,0.642472088354245,1,1
639,0.544056411022438,1,1
764,0.518053906872449,1,1
432,0.611077954206807,1,0
