"sloc","predictedValue","predictLabel","actualBugLabel"
274,0.626666196123926,1,1
992,0.478544319805703,0,1
21,0.655479677910022,1,0
245,0.849137437018085,1,1
387,0.784197430116645,1,1
265,0.860825920175764,1,1
412,0.863598801929291,1,1
148,0.825810944033106,1,1
88,0.818492583626112,1,0
14,0.575863041887727,1,0
227,0.840220254118887,1,1
355,0.664844363761607,1,1
103,0.489688810941006,0,0
251,0.859485960092209,1,1
639,0.632026978713942,1,1
764,0.663424339860387,1,1
432,0.810145163751461,1,0
