"sloc","predictedValue","predictLabel","actualBugLabel"
274,0.515645807695947,1,1
992,0.537441000569307,1,1
21,0.505528139350115,1,0
245,0.482715678238844,0,1
387,0.496686458360948,0,1
265,0.431481780833441,0,1
412,0.432436550113732,0,1
148,0.480801178549705,0,1
88,0.488190969005621,0,0
14,0.534363617032233,1,0
227,0.453361396599399,0,1
355,0.551374364450326,1,1
103,0.552334020205126,1,0
251,0.466834003954512,0,1
639,0.521765124625441,1,1
764,0.534275660943131,1,1
432,0.449992554949296,0,0
