"sloc","predictedValue","predictLabel","actualBugLabel"
66,0.448930722284636,0,0
205,0.535483256662873,1,1
419,0.500723237910916,1,1
97,0.426039924356969,0,1
24,0.435534790733039,0,0
209,0.492159204335292,0,0
156,0.535101881725475,1,1
1,0.540679287413981,1,0
218,0.457468981258638,0,1
