"sloc","predictedValue","predictLabel","actualBugLabel"
66,0.369602854638961,0,0
205,0.483271706174617,0,1
419,0.462646693505809,0,1
97,0.378256247512802,0,1
24,0.408469116137873,0,0
209,0.477607280089491,0,0
156,0.482902915494565,0,1
1,0.4776697019305,0,0
218,0.434574180492113,0,1
