"sloc","predictedValue","predictLabel","actualBugLabel"
66,0.717611775339481,1,0
205,0.53281841741709,1,1
419,0.566685492740687,1,1
97,0.731972469463053,1,1
24,0.701242438576834,1,0
209,0.569812412308524,1,0
156,0.553630904405024,1,1
1,0.549077246436969,1,0
218,0.668105784723734,1,1
