"sloc","predictedValue","predictLabel","actualBugLabel"
274,0.413829540267262,0,1
992,0.190739029044104,0,1
21,0.365625959615484,0,0
245,0.678345347053205,1,1
387,0.539719458849072,1,1
265,0.753496373303528,1,1
412,0.701413056412812,1,1
148,0.677565133755725,1,1
88,0.674867611947451,1,0
14,0.276902702387245,0,0
227,0.720690668700522,1,1
355,0.36585865853107,0,1
103,0.207208476254046,0,0
251,0.734822443592779,1,1
639,0.285783344494943,0,1
764,0.402229383890214,0,1
432,0.713906584415882,1,0
