"sloc","predictedValue","predictLabel","actualBugLabel"
66,0.345717427595666,0,0
205,0.508276453837577,1,1
419,0.472170453070521,0,1
97,0.322544161654952,0,1
24,0.344123264984879,0,0
209,0.466857674988814,0,0
156,0.501443706803473,1,1
1,0.480831496646095,0,0
218,0.400998042556151,0,1
