"sloc","predictedValue","predictLabel","actualBugLabel"
274,0.380259499776113,0,1
992,0.311303055388396,0,1
21,0.365934094010365,0,0
245,0.505338043199325,1,1
387,0.444098994609758,0,1
265,0.518299940273448,1,1
412,0.485450378418831,0,1
148,0.470062478509492,0,1
88,0.444316675051715,0,0
14,0.341026198461964,0,0
227,0.518524952267331,1,1
355,0.382772563996099,0,1
103,0.295396522549704,0,0
251,0.462449442163355,0,1
639,0.338900812895318,0,1
764,0.381891783758352,0,1
432,0.492175346392073,0,0
