"sloc","predictedValue","predictLabel","actualBugLabel"
274,0.573095149008662,1,1
992,0.818170690277969,1,1
21,0.606276124503493,1,0
245,0.232917760236539,0,1
387,0.40050395684057,0,1
265,0.260280659866015,0,1
412,0.299180116957504,0,1
148,0.315780830853439,0,1
88,0.266425959810391,0,0
14,0.704184501253533,1,0
227,0.273650859239501,0,1
355,0.628352716275329,1,1
103,0.819449989189492,1,0
251,0.25548106070343,0,1
639,0.652053035504049,1,1
764,0.591099369102316,1,1
432,0.262193252622478,0,0
