"sloc","predictedValue","predictLabel","actualBugLabel"
66,0.639933285645923,1,0
205,0.283372532889833,0,1
419,0.330326128860669,0,1
97,0.634499676749831,1,1
24,0.562265175323602,1,0
209,0.317528952350193,0,0
156,0.318494101452744,0,1
1,0.368794433622266,0,0
218,0.471657397395432,0,1
