"sloc","predictedValue","predictLabel","actualBugLabel"
66,0.398485220026754,0,0
205,0.537673164230512,1,1
419,0.516618673776038,1,1
97,0.413750447979445,0,1
24,0.414074987682803,0,0
209,0.526300273872723,1,0
156,0.556297259755866,1,1
1,0.553340371488125,1,0
218,0.448576827395372,0,1
