"sloc","predictedValue","predictLabel","actualBugLabel"
274,0.509953342838327,1,1
992,0.688084575443496,1,1
21,0.542890632483015,1,0
245,0.293255247315819,0,1
387,0.466104885156593,0,1
265,0.278531805384886,0,1
412,0.341453322529889,0,1
148,0.35140660163707,0,1
88,0.320416000866198,0,0
14,0.606726542719456,1,0
227,0.315347763544003,0,1
355,0.569064911069809,1,1
103,0.709984723014542,1,0
251,0.30443609832836,0,1
639,0.577315914501585,1,1
764,0.514362475288274,1,1
432,0.365175044779753,0,0
