"sloc","predictedValue","predictLabel","actualBugLabel"
274,0.314606826929138,0,1
992,0.271995643825197,0,1
21,0.387716421138334,0,0
245,0.529710520428899,1,1
387,0.440117284997064,0,1
265,0.462888997158762,0,1
412,0.464477338925428,0,1
148,0.492142891140892,0,1
88,0.479810343701137,0,0
14,0.28635077954303,0,0
227,0.504311875379064,1,1
355,0.28948506774879,0,1
103,0.31824653637954,0,0
251,0.54650515831253,1,1
639,0.347584135479378,0,1
764,0.385606436142275,0,1
432,0.537631932862645,1,0
