"sloc","predictedValue","predictLabel","actualBugLabel"
66,0.644438050119435,1,0
205,0.295776050012991,0,1
419,0.290225120338611,0,1
97,0.685105838487986,1,1
24,0.623028483456535,1,0
209,0.256075720790133,0,0
156,0.318106460969061,0,1
1,0.243946907850639,0,0
218,0.415590445771697,0,1
