"sloc","predictedValue","predictLabel","actualBugLabel"
274,0.918940483541889,1,1
992,0.912737396184582,1,1
21,0.912633807395652,1,0
245,0.909339448812182,1,1
387,0.909615904776388,1,1
265,0.90705928585957,1,1
412,0.917167587634248,1,1
148,0.910195059736562,1,1
88,0.907459910304755,1,0
14,0.911558927152939,1,0
227,0.906884182816001,1,1
355,0.911710500073815,1,1
103,0.915163434414659,1,0
251,0.90667748468018,1,1
639,0.913499734590346,1,1
764,0.915311660336292,1,1
432,0.908066294573711,1,0
