"sloc","predictedValue","predictLabel","actualBugLabel"
66,0.49187949122244,0,0
205,0.386910557172558,0,1
419,0.401750241061661,0,1
97,0.473412446028837,0,1
24,0.466408866614115,0,0
209,0.390212207044331,0,0
156,0.366918498196437,0,1
1,0.400166192859291,0,0
218,0.438650102635324,0,1
