"sloc","predictedValue","predictLabel","actualBugLabel"
274,0.509985813247503,1,1
992,0.57680379837492,1,1
21,0.481476117546204,0,0
245,0.418788401358064,0,1
387,0.473956468671437,0,1
265,0.426743171376204,0,1
412,0.420182830809533,0,1
148,0.440188144864834,0,1
88,0.417901788511854,0,0
14,0.522482285060355,1,0
227,0.42772565440461,0,1
355,0.514784374020775,1,1
103,0.573883224120997,1,0
251,0.425338646633735,0,1
639,0.520688209393582,1,1
764,0.494433358238655,0,1
432,0.420511845525285,0,0
