"sloc","predictedValue","predictLabel","actualBugLabel"
66,0.378287739536427,0,0
205,0.587699097798888,1,1
419,0.575706886875052,1,1
97,0.383119015660259,0,1
24,0.394209968176763,0,0
209,0.531414868740427,1,0
156,0.576765518288266,1,1
1,0.552099640764918,1,0
218,0.464517907223792,0,1
