"sloc","predictedValue","predictLabel","actualBugLabel"
66,0.431479832897737,0,0
205,0.423510386782236,0,1
419,0.421058110568037,0,1
97,0.436367810009416,0,1
24,0.436536846990352,0,0
209,0.426793528287679,0,0
156,0.422829986397573,0,1
1,0.428475403252553,0,0
218,0.43827679976734,0,1
