"sloc","predictedValue","predictLabel","actualBugLabel"
66,0.412733472201023,0,0
205,0.517510789893307,1,1
419,0.499290024634764,0,1
97,0.407786859732301,0,1
24,0.453206222933522,0,0
209,0.496955558733633,0,0
156,0.511117246163096,1,1
1,0.539085721807739,1,0
218,0.470752217347253,0,1
