"sloc","predictedValue","predictLabel","actualBugLabel"
66,0.767951800280401,1,0
205,0.385130455485591,0,1
419,0.481217571457738,0,1
97,0.710084891567778,1,1
24,0.675407071962607,1,0
209,0.52015440907752,1,0
156,0.503014616782608,1,1
1,0.504169601263299,1,0
218,0.692730136816425,1,1
