"sloc","predictedValue","predictLabel","actualBugLabel"
66,0.439801419834115,0,0
205,0.5587097483103,1,1
419,0.549090731327353,1,1
97,0.437994606194866,0,1
24,0.441822048954479,0,0
209,0.563281208503081,1,0
156,0.56977111892837,1,1
1,0.550542725301842,1,0
218,0.508288958537547,1,1
