"sloc","predictedValue","predictLabel","actualBugLabel"
274,0.574214937815558,1,1
992,0.763780885806375,1,1
21,0.53463530771548,1,0
245,0.303664440024292,0,1
387,0.376822815380604,0,1
265,0.245522590225234,0,1
412,0.348938696886949,0,1
148,0.331198581695213,0,1
88,0.322402741896959,0,0
14,0.61168511549991,1,0
227,0.25792360212617,0,1
355,0.542603504431469,1,1
103,0.728112683408439,1,0
251,0.260357657584947,0,1
639,0.640503852540306,1,1
764,0.579246578640104,1,1
432,0.272431002349982,0,0
