"sloc","predictedValue","predictLabel","actualBugLabel"
66,0.496584573829258,0,0
205,0.562865451043657,1,1
419,0.540607164148083,1,1
97,0.500666792765062,1,1
24,0.504688484816119,1,0
209,0.552069914050434,1,0
156,0.55829285343407,1,1
1,0.571885055994966,1,0
218,0.521114520297578,1,1
