"sloc","predictedValue","predictLabel","actualBugLabel"
66,0.453436562474298,0,0
205,0.475288099822157,0,1
419,0.470718948867879,0,1
97,0.460526045104027,0,1
24,0.461075048910478,0,0
209,0.472430225345497,0,0
156,0.475045203144789,0,1
1,0.475246065218796,0,0
218,0.476341421098293,0,1
