"sloc","predictedValue","predictLabel","actualBugLabel"
66,0.424177802094395,0,0
205,0.563315496138757,1,1
419,0.50463135646856,1,1
97,0.438843468148486,0,1
24,0.478236824499089,0,0
209,0.567870609293802,1,0
156,0.558729047375356,1,1
1,0.538051872967947,1,0
218,0.492272353230006,0,1
