"sloc","predictedValue","predictLabel","actualBugLabel"
66,0.234738992919751,0,0
205,0.521957071638447,1,1
419,0.524206810504393,1,1
97,0.204755801537955,0,1
24,0.260805121454719,0,0
209,0.539631133471063,1,0
156,0.52020806839816,1,1
1,0.490367631568664,0,0
218,0.36944066278923,0,1
