"sloc","predictedValue","predictLabel","actualBugLabel"
274,0.540558820428691,1,1
992,0.592992533528975,1,1
21,0.558977991322026,1,0
245,0.490123016047686,0,1
387,0.50257468643938,1,1
265,0.46241956184854,0,1
412,0.457122439705078,0,1
148,0.470342845094306,0,1
88,0.498365732507749,0,0
14,0.572241677626225,1,0
227,0.49270648685965,0,1
355,0.560337457357731,1,1
103,0.605601964377313,1,0
251,0.456680146427949,0,1
639,0.579073981526016,1,1
764,0.554666965747687,1,1
432,0.491717697029841,0,0
