"sloc","predictedValue","predictLabel","actualBugLabel"
274,0.510669992752223,1,1
992,0.489265152855715,0,1
21,0.510237581196359,1,0
245,0.521472576055457,1,1
387,0.502842989397177,1,1
265,0.51413013895139,1,1
412,0.525316353827205,1,1
148,0.523882091752057,1,1
88,0.526660439975352,1,0
14,0.50674185696272,1,0
227,0.51083709915516,1,1
355,0.499934277303809,0,1
103,0.501258311784568,1,0
251,0.51634856943318,1,1
639,0.503103400790961,1,1
764,0.516661267896591,1,1
432,0.515534738045288,1,0
