"sloc","predictedValue","predictLabel","actualBugLabel"
66,0.655721881863037,1,0
205,0.541174725506517,1,1
419,0.558310689205191,1,1
97,0.676563322441446,1,1
24,0.637137951549469,1,0
209,0.583487240417139,1,0
156,0.551961942753734,1,1
1,0.544661892427969,1,0
218,0.607837130719989,1,1
