"sloc","predictedValue","predictLabel","actualBugLabel"
274,0.538101932718609,1,1
992,0.624076858339749,1,1
21,0.545525409560865,1,0
245,0.460829808026364,0,1
387,0.478203068820671,0,1
265,0.417492766312321,0,1
412,0.439333509142209,0,1
148,0.47476508155684,0,1
88,0.452149004129684,0,0
14,0.612558612810627,1,0
227,0.428583823825562,0,1
355,0.534562302472242,1,1
103,0.636161970634166,1,0
251,0.429850626179693,0,1
639,0.562445197558701,1,1
764,0.535169016872238,1,1
432,0.458590283857673,0,0
