"sloc","predictedValue","predictLabel","actualBugLabel"
66,0.435816318833518,0,0
205,0.516052620501136,1,1
419,0.54889742421424,1,1
97,0.472339271065174,0,1
24,0.520949850678455,1,0
209,0.505254958693225,1,0
156,0.552342604986919,1,1
1,0.515964141760137,1,0
218,0.494492068833241,0,1
