"sloc","predictedValue","predictLabel","actualBugLabel"
66,0.44069493268892,0,0
205,0.609753655865896,1,1
419,0.596410910449273,1,1
97,0.43149840332302,0,1
24,0.438509912834828,0,0
209,0.559347903034261,1,0
156,0.610843935409878,1,1
1,0.610274487112288,1,0
218,0.495908955019888,0,1
