"sloc","predictedValue","predictLabel","actualBugLabel"
66,0.582350142800979,1,0
205,0.776715315256935,1,1
419,0.76640575014236,1,1
97,0.58662175743859,1,1
24,0.638699052660035,1,0
209,0.760000664047595,1,0
156,0.787687850313651,1,1
1,0.808111066115711,1,0
218,0.653430109932962,1,1
