"sloc","predictedValue","predictLabel","actualBugLabel"
66,0.160568464861112,0,0
205,0.633407874163315,1,1
419,0.446589892762921,0,1
97,0.161270818586204,0,1
24,0.232941727227074,0,0
209,0.511665994568486,1,0
156,0.688589447298695,1,1
1,0.668892264280723,1,0
218,0.261001568734946,0,1
