"sloc","predictedValue","predictLabel","actualBugLabel"
66,0.413152276842119,0,0
205,0.495784702631877,0,1
419,0.48749717314867,0,1
97,0.41948689190008,0,1
24,0.446852216354984,0,0
209,0.481097913113868,0,0
156,0.491712333208169,0,1
1,0.507656682700405,1,0
218,0.45528058709473,0,1
