"sloc","predictedValue","predictLabel","actualBugLabel"
274,0.534543995237101,1,1
992,0.575623280543654,1,1
21,0.537082087484376,1,0
245,0.501507582862242,1,1
387,0.519492943778331,1,1
265,0.487058215698218,0,1
412,0.496011376293609,0,1
148,0.508587859039505,1,1
88,0.509350310553881,1,0
14,0.563048594261133,1,0
227,0.496459353604495,0,1
355,0.546128682438744,1,1
103,0.574821088961829,1,0
251,0.496456002091972,0,1
639,0.556810303860452,1,1
764,0.541920210038786,1,1
432,0.495007774670303,0,0
