"sloc","predictedValue","predictLabel","actualBugLabel"
274,0.485981168098377,0,1
992,0.486488916078739,0,1
21,0.486511651521235,0,0
245,0.479421225205387,0,1
387,0.484503689332872,0,1
265,0.475587671205357,0,1
412,0.477792743411426,0,1
148,0.480864782629424,0,1
88,0.47910394876158,0,0
14,0.488826310675455,0,0
227,0.481001127149737,0,1
355,0.479336252699619,0,1
103,0.498573322545091,0,0
251,0.471932005376937,0,1
639,0.491776156321758,0,1
764,0.487997983682521,0,1
432,0.476814946643265,0,0
