"sloc","predictedValue","predictLabel","actualBugLabel"
66,0.344876187051798,0,0
205,0.629089957212174,1,1
419,0.590605645892039,1,1
97,0.335549439025855,0,1
24,0.393245602064432,0,0
209,0.643366016191751,1,0
156,0.618398366283551,1,1
1,0.61647346134393,1,0
218,0.457485821597527,0,1
