"sloc","predictedValue","predictLabel","actualBugLabel"
66,0.583362155342636,1,0
205,0.514997248200291,1,1
419,0.586837530622421,1,1
97,0.583652854694289,1,1
24,0.534516160320629,1,0
209,0.54705864389403,1,0
156,0.432924088702491,0,1
1,0.487777453675957,0,0
218,0.588954769725356,1,1
