"sloc","predictedValue","predictLabel","actualBugLabel"
274,0.574096346767369,1,1
992,0.37424170742972,0,1
21,0.545277546456952,1,0
245,0.733051948653459,1,1
387,0.587553499758288,1,1
265,0.772777120806075,1,1
412,0.669295901633344,1,1
148,0.713920268909165,1,1
88,0.720472160549998,1,0
14,0.472077018082535,0,0
227,0.737198097325383,1,1
355,0.491604029495869,0,1
103,0.404516010780867,0,0
251,0.720956194142443,1,1
639,0.494708202722549,0,1
764,0.545061962836267,1,1
432,0.701762346728576,1,0
