"sloc","predictedValue","predictLabel","actualBugLabel"
66,0.281243859700613,0,0
205,0.520311800489465,1,1
419,0.507661059417894,1,1
97,0.297497103974826,0,1
24,0.314229198853736,0,0
209,0.486252935548886,0,0
156,0.537732685328552,1,1
1,0.513193276755827,1,0
218,0.402436509173526,0,1
