"sloc","predictedValue","predictLabel","actualBugLabel"
274,0.519490970169982,1,1
992,0.705862625913466,1,1
21,0.495172377375342,0,0
245,0.248575532296119,0,1
387,0.405299473413811,0,1
265,0.231724716385663,0,1
412,0.265866673283113,0,1
148,0.298411068264174,0,1
88,0.288960076258383,0,0
14,0.627686475134761,1,0
227,0.228166230422458,0,1
355,0.611452977669424,1,1
103,0.69616023723967,1,0
251,0.253424640807827,0,1
639,0.627549382659452,1,1
764,0.534184015129608,1,1
432,0.276195409569747,0,0
