"sloc","predictedValue","predictLabel","actualBugLabel"
66,0.377407487311585,0,0
205,0.592708436252054,1,1
419,0.544506324787516,1,1
97,0.390749560308789,0,1
24,0.387493215097368,0,0
209,0.54030079120014,1,0
156,0.635619178890798,1,1
1,0.558512572621852,1,0
218,0.506484803411511,1,1
