"sloc","predictedValue","predictLabel","actualBugLabel"
66,0.722688852833273,1,0
205,0.557118680507946,1,1
419,0.735936748014656,1,1
97,0.707567109044312,1,1
24,0.727374678797791,1,0
209,0.62885735611537,1,0
156,0.567704737027747,1,1
1,0.573048550516042,1,0
218,0.662652105377618,1,1
