"sloc","predictedValue","predictLabel","actualBugLabel"
274,0.545654929062855,1,1
992,0.58868060112614,1,1
21,0.556339256939022,1,0
245,0.482112656926508,0,1
387,0.515378531438286,1,1
265,0.500329099170366,1,1
412,0.498107264365897,0,1
148,0.503326110379029,1,1
88,0.503676528766231,1,0
14,0.577513539394075,1,0
227,0.486968533079864,0,1
355,0.558576148000242,1,1
103,0.60294908558503,1,0
251,0.477032150250036,0,1
639,0.566183198363481,1,1
764,0.552557860068454,1,1
432,0.48949323973127,0,0
