"sloc","predictedValue","predictLabel","actualBugLabel"
66,0.462501761199595,0,0
205,0.566329804965316,1,1
419,0.551943654297271,1,1
97,0.46712102064245,0,1
24,0.482979437384395,0,0
209,0.552491231067837,1,0
156,0.570455374610215,1,1
1,0.563025370467107,1,0
218,0.565628465779229,1,1
