"sloc","predictedValue","predictLabel","actualBugLabel"
66,0.212019968408728,0,0
205,0.7256347124959,1,1
419,0.654783886120058,1,1
97,0.234183572654585,0,1
24,0.31179009678369,0,0
209,0.695499022836249,1,0
156,0.739373233381361,1,1
1,0.563322254516486,1,0
218,0.539462793545002,1,1
