"sloc","predictedValue","predictLabel","actualBugLabel"
274,0.739478048913095,1,1
992,0.87139757645346,1,1
21,0.74648637066554,1,0
245,0.573478500559196,1,1
387,0.669140468191311,1,1
265,0.530231657553999,1,1
412,0.594817819257642,1,1
148,0.666331762752899,1,1
88,0.624538348180145,1,0
14,0.820455108043347,1,0
227,0.604855342638141,1,1
355,0.752702423623429,1,1
103,0.847832953655913,1,0
251,0.540994420202106,1,1
639,0.813406873359049,1,1
764,0.767088488208896,1,1
432,0.563507739392184,1,0
