"sloc","predictedValue","predictLabel","actualBugLabel"
274,0.471876984176616,0,1
992,0.475037369431458,0,1
21,0.466460998193531,0,0
245,0.472915666069978,0,1
387,0.463265312268172,0,1
265,0.456215618010287,0,1
412,0.462787388209094,0,1
148,0.455613356606202,0,1
88,0.455654010209847,0,0
14,0.469261282775851,0,0
227,0.459753496739309,0,1
355,0.468373288868706,0,1
103,0.477168213413391,0,0
251,0.466249969635694,0,1
639,0.474462342436873,0,1
764,0.478949403455882,0,1
432,0.454981129450832,0,0
