Test,Scenario,Model,tp,fp,tn,fn,SNM_precision,SNM_recall,SNM_fscore,SNM_fpr,SNM_ifa,SNM_ap,SNM_rr,SNM_cr,SNM_roi,SNM_mcc,SNM_ifap,SNM_cr_ifa,SNM_pii_ifa,tp20,fp20,tn20,fn20,SSC_precision,SSC_recall,SSC_fscore,SSC_fpr,SSC_ifa,SSC_ap,SSC_rr,SSC_pii,SSC_roi,SSC_mcc,SSC_ifap,SSC_cr_ifa,SSC_pii_ifa,SSC_rcr
RELINK-Apache2.0,cpdp,CLA,69,26,70,29,0.726315789,0.704081633,0.715025907,0.270833333,3,0.598986476,0.25,0.908181499,0.775265333,0.433317392,9.22e-05,0.005962023,0.015463918,30,16,80,68,0.652173913,0.306122449,0.416666667,0.166666667,3,0.491085174,0.25,0.237113402,1.3215843,0.163936405,9.22e-05,0.005962023,0.015463918,0.976886722
RELINK-openintents,cpdp,CLA,16,8,26,6,0.666666667,0.727272727,0.695652174,0.235294118,0,0.512084407,1,0.900752245,0.807405956,0.485530381,0,0,0,5,6,28,17,0.454545455,0.227272727,0.303030303,0.176470588,0,0.4777581,1,0.196428571,1.25641612,0.062449677,0,0,0,0.920892987
RELINK-zxing1.6,cpdp,CLA,68,106,175,50,0.390804598,0.576271186,0.465753425,0.377224199,5,0.312335357,0.166666667,0.867457654,0.664321981,0.183182461,6.06e-05,0.004839591,0.012531328,37,59,222,81,0.385416667,0.313559322,0.345794393,0.209964413,5,0.264859623,0.166666667,0.240601504,1.305881226,0.110605226,6.06e-05,0.004839591,0.012531328,0.997970494
