predictedValue,predictLabel,sloc,actualBugLabel
0.275568774104392,0,74,0
0.241936077178066,0,66,0
-0.346724757864321,1,205,8
-0.365405190185079,1,419,6
0.277606155149085,0,97,4
0.279806623552731,0,24,0
-0.370079761845546,1,209,0
-0.380684452226332,1,156,2
0.282356751551464,0,1,0
-0.307941282010344,1,218,3
