sloc,predictedValue,predictLabel,actualBugLabel
74.0,0.02370007240480101,0.0,0.0
66.0,0.042396339379128456,0.0,0.0
205.0,0.8827209842726196,1.0,1.0
419.0,0.9778634533287068,1.0,1.0
97.0,0.04054321124668084,0.0,1.0
24.0,0.007670329508551403,0.0,0.0
209.0,0.9062155731428082,1.0,0.0
156.0,0.37759499191061896,0.0,1.0
1.0,1.5146539656545754E-4,0.0,0.0
218.0,0.6970578279312251,1.0,1.0