sloc,predictedValue,predictLabel,actualBugLabel
74.0,0.011012996366127643,0.0,0.0
66.0,0.01991518520023424,0.0,0.0
205.0,0.6713229234518614,1.0,1.0
419.0,0.9455794909481038,1.0,1.0
97.0,0.017678779811142714,0.0,1.0
24.0,0.0034673876242802557,0.0,0.0
209.0,0.8570311684842902,1.0,0.0
156.0,0.3053307060528128,0.0,1.0
1.0,1.9337159829195313E-4,0.0,0.0
218.0,0.4962280868551059,0.0,1.0