"","Recall","ROI","IFAP2"
"Bellwether",0.000748437132962641,-0.186989318186011,-0.230765760005859
"EASC_E",0.199423738929134,-0.365702982457587,-0.075098043066844
"EASC_NE",-0.220939629317489,0.201425735643012,-0.156458434453135
"SC",0.306309290198146,-0.463949452619902,-0.164970346238145
"CLA",0.152116843033686,-0.048043469613036,-0.423241976571171
"FCM",1.11169260137886,-0.119979762951038,-0.245361594647114
"ManualDown",-0.191955413048296,0.36873164572061,-0.161994769892359
"ManualUp",2.58974969584788,-0.62876673613572,-0.752959193211653
