"","Recall","ROI","IFAP2"
"Bellwether",0.806732079861283,0.285002014468242,0.00310826102203853
"EASC_E",0.0296673102103206,0.334773602774293,0.0419542905082032
"EASC_NE",0.00165972479650066,9.4015504421311e-05,0.0869666388212342
"SC",0.0342124746531458,0.0243199717034448,0.0115320454569924
"CLA",0.0747913256285908,0.842985711977875,4.08404217750146e-06
"FCM",7.39324378703306e-11,0.0733574195744633,0.0418881683190057
"ManualDown",1.80487566292903e-07,1.75853308249984e-09,0.0782793933477632
"ManualUp",6.7324109596538e-15,2.86224607136282e-12,5.09776984505227e-11
