"","ssc_recall","ssc_ROI","snm_recall","snm_ROI","eIFA"
"Bellwether",0.00553664103796148,0.0595271680629368,0.827417517806444,0.316668904964713,0.00690724671564118
"EASC_E",2.97340878183675e-08,0.171733115429516,0.049445517017201,0.361917408404641,0.0595271680629368
"EASC_NE",2.79977794615556e-06,0.044143178623316,0.00414931199125165,0.000268615726918031,0.105414107662102
"SC",4.06015251501782e-05,0.368831825304456,0.0526345763894551,0.044143178623316,0.0242779904357735
"CLA",0.0522774003431525,0.0397608704300971,0.0965049362949559,0.842985711977875,1.36134739250049e-05
"FCM",0.00188364579293956,0.0335048829201944,4.92882919135537e-10,0.0965049362949559,0.0595271680629368
"ManualDown",1.96076531610153e-07,0.180840428282706,7.21950265171612e-07,1.00487604714277e-08,0.097849241684704
"ManualUp",5.53030466610772e-13,6.12647507517637e-11,2.69296438386152e-13,3.81632809515043e-11,4.07821587604182e-10
