"","Recall","ROI","IFAP2"
"Bellwether",-0.424503503316721,0.213719898065499,-0.230765760005859
"EASC_E",-0.820854184720355,0.0882116723141849,-0.075098043066844
"EASC_NE",0.458164184620707,-0.0851134691920045,-0.156458434453135
"SC",-0.664213763923072,0.237855033108694,-0.164970346238145
"CLA",-0.250242608183687,0.310280776337085,-0.423241976571171
"FCM",-0.399456657573115,0.307617025185975,-0.245361594647114
"ManualDown",0.564984663748975,-0.0537925989519465,-0.161994769892359
"ManualUp",-2.3436049998371,1.23383921968177,-0.752959193211653
