"","Recall","ROI","IFAP2"
"Bellwether",-0.246619794483505,0.125608436992969,-0.270822065981612
"EASC_E",-0.445511087074094,0.102217414818821,-0.289480800432666
"EASC_NE",0.25716603569497,-0.0375878853434289,-0.019875608436993
"SC",-0.359248242293131,0.148864250946458,-0.214169821525149
"CLA",-0.167658193618172,0.194970254191455,-0.296241211465657
"FCM",-0.182260681449432,0.195781503515414,-0.156030286641428
"ManualDown",0.313007030827474,-0.0213628988642509,-0.019875608436993
"ManualUp",-0.895348837209302,0.686857760951866,-0.726879394267171
