"","Recall","ROI","IFAP2"
"Bellwether",0.00235307244113363,0.0431571968456292,0.00310826102203853
"EASC_E",5.9468175636735e-09,0.145973148115089,0.0419542905082032
"EASC_NE",7.69938935192778e-07,0.0253823277084067,0.0869666388212342
"SC",1.31954956738079e-05,0.350390234039233,0.0115320454569924
"CLA",0.0326733752144703,0.020874456975801,4.08404217750146e-06
"FCM",0.000706367172352334,0.0167524414600972,0.0418881683190057
"ManualDown",4.41172196122845e-08,0.158235374747368,0.0782793933477632
"ManualUp",2.76515233305386e-14,6.12647507517637e-12,5.09776984505227e-11
