"","Recall","ROI","IFAP2"
"Bellwether",-0.00540832882639264,-0.0888318009734992,-0.270822065981612
"EASC_E",0.110870740941049,-0.124121146565711,-0.289480800432666
"EASC_NE",-0.108572201189832,0.123309897241752,-0.019875608436993
"SC",0.218766901027582,-0.208761492698756,-0.214169821525149
"CLA",0.0803136830719308,-0.0232558139534884,-0.296241211465657
"FCM",0.600865332612223,0.168469442942131,-0.156030286641428
"ManualDown",-0.0991076257436452,0.217685235262304,-0.019875608436993
"ManualUp",0.938750676041103,-0.575987020010817,-0.726879394267171
