"","Recall","ROI","IFAP2"
"CamargoCruz09.NB",0.105211000710237,-0.111904502101603,-0.184990105570028
"Amasaki15.NB",0.290343092940638,-0.0641719154782834,-0.438331804859462
"Peters15.NB",-0.149927588896498,-0.238314463442879,-0.174760031522982
"top-core",-0.0205934421834463,-0.199828587665121,-0.643870827524826
"MSMDA",-0.829511957446892,-0.187578158170897,0.0933446353869548
"KSETE",-0.602866973209332,0.25146226233861,-0.176550484280285
