"","Recall","ROI","IFAP2"
"CamargoCruz09.NB",0.0953390031373693,0.0112783817369541,0.0300066810835009
"Amasaki15.NB",0.00343636661712452,0.161468523010367,0.000537904879043897
"Peters15.NB",0.586381080595244,0.000558132122167755,0.150456377507078
"top-core",0.672603817441517,0.640625,0.0224942712224497
"MSMDA",3.42764974685728e-07,0.138554302380654,0.491112379124531
"KSETE",4.07956285889423e-118,4.36874420389419e-61,1.27593154805841e-68
