"","Recall","ROI","IFAP2"
"CamargoCruz09.NB",-0.114656571119524,0.0497566252028123,-0.123445105462412
"Amasaki15.NB",-0.0859924283396431,0.106273661438615,-0.190237966468361
"Peters15.NB",-0.061790156841536,0.00378583017847486,-0.135749053542455
"top-core",-0.0625,0.25,-0.8125
"MSMDA",-0.0744665408622442,-0.327478589055015,0.0428218899695166
"KSETE",0.380006050048974,-0.109779853561826,-0.235045948884958
