"","Recall","ROI","IFAP2"
"CamargoCruz09.NB",-0.22446088071052,0.021104348578536,-0.184990105570028
"Amasaki15.NB",-0.138172156190654,0.176589856406312,-0.438331804859462
"Peters15.NB",-0.0982304057453423,-0.114151855211617,-0.174760031522982
"top-core",-0.0998683957034068,0.367522526016346,-0.643870827524826
"MSMDA",-0.140454678111938,-0.512023399977556,0.0933446353869548
"KSETE",0.703326620383442,-0.266920638682726,-0.176550484280285
