"","Recall","ROI","IFAP2"
"CamargoCruz09.NB",0.00018493861780512,0.0337658791006293,0.0300066810835009
"Amasaki15.NB",0.00157763209829799,0.00341064556144907,0.000537904879043897
"Peters15.NB",0.00936329861756187,0.563937029947101,0.150456377507078
"top-core",0.546875,0.0546875,0.0224942712224497
"MSMDA",0.0809024052313099,0.00114191006273967,0.491112379124531
"KSETE",2.72600679774109e-270,6.29048552499668e-08,1.27593154805841e-68
