"","Recall","ROI","IFAP2"
"CamargoCruz09.NB",0.0750405624661979,-0.0689561925365062,-0.123445105462412
"Amasaki15.NB",0.167252568956193,2.10536933494278e-18,-0.190237966468361
"Peters15.NB",-0.0378583017847485,-0.115467820443483,-0.135749053542455
"top-core",-0.03125,0.015625,-0.8125
"MSMDA",-0.455363623167368,-0.0272898824212513,0.0428218899695166
"KSETE",-0.273505368012784,0.220327489825684,-0.235045948884958
