"Recall","Recall_one","ROI","ROI_one","IFAP","IFAP_one","MDD","MDD_one","IFAP2","IFAP2_one","ROI2","ROI2_one","IFA","IFA_one","IFA_PII","IFA_PII_one","IFA_PCI","IFA_PCI_one","IFAP3","IFAP3_one","ROI3","ROI3_one"
0.132978723404255,0.0957446808510638,2.21249082905355,1.74327579285428,8.27237327514715e-05,0,0.900211052837975,0.798215358103022,0.0105735137856465,0,1.02978981922873,0.759495115340755,5,0,0.00518134715025907,0,0.015965680421034,0,0.00909525880618422,0,1.21849462289417,0.919986652590314
0.175,0.125,5.6,3.14285714285714,0.000514910524424134,5.14327899993682e-05,0.215886432832807,0.31192334024552,0.0283378812564801,0.0104726255853433,1.5252213714401,1.07167037549184,4,1,0.0113636363636364,0.00284090909090909,0.0453121261493238,0.0181043420797776,0.0226916399677091,0.00717166577577122,2.22348369822984,1.42484594723537
0.162162162162162,0.162162162162162,2.52509652509652,2.20945945945946,0,0,1.34640159743403,1.6360119750126,0,0,1.35126606464059,1.20230015956503,0,0,0,0,0,0,0,0,1.52619680468132,1.3508051086111
0.0391459074733096,0.0604982206405694,1.23589222165735,1.33701067615658,0.000153247230082557,0,0.457952689578263,0.591069864338648,0.0146828777744528,0,0.352472642344445,0.495273178185731,3,0,0.00678733031674208,0,0.0225784252321634,0,0.0123793065267226,0,0.504017804055179,0.637461208367718
0.116279069767442,0.104651162790698,1.41749723145072,1.57592339261286,0.000188814252336449,0,0.759722258847986,0.873009072712507,0.0159903621495327,0,0.861226763698216,0.814036830992869,2,0,0.0078125,0,0.0241682242990654,0,0.0137409698470104,0,0.936338669269418,0.929934859253726
0,0.103896103896104,0,2.7012987012987,0.0138071152126242,9.33799499688137e-06,0,0.113784222171476,0.151373120184856,0.00458875043641269,0,0.874335306588635,48,1,0.0559440559440559,0.00116550116550117,0.246802184425657,0.00801199970732421,0.117503681698167,0.00305581331185028,0,1.18698666466575
0.0384615384615385,0,2.20192307692308,NA,3.34718470362633e-05,0,0.153010385172819,0.0759013282732448,0.00601593259918926,0,0.371692253030627,NA,1,0,0.00436681222707424,0,0.00766505297130429,0,0.00578548589456955,0,0.668536845369326,NA
0.072992700729927,0.0754257907542579,1.65637282425604,1.96328896522112,0.000207965566961599,0,0.263244853712481,0.330967732290713,0.0153097194716571,0,0.598357321555693,0.636906126928583,9,0,0.0101694915254237,0,0.0204499474178905,0,0.0144210113016251,0,0.77768265312493,0.863864550693144
