"","ssc_recall","ssc_ROI","snm_recall","snm_ROI","eIFA"
"CamargoCruz09.NB",0.136198575910528,0.0225567634739082,0.000792594076307657,0.0562764651677155,0.0529529666179428
"Amasaki15.NB",0.00793007680874889,0.201835653762959,0.00430263299535815,0.00793007680874889,0.00186044040722585
"Peters15.NB",0.628265443494904,0.00186044040722585,0.0200642113233469,0.626596699941223,0.196247448922276
"top-core",0.672603817441517,0.662715517241379,0.626596699941223,0.0863486842105263,0.0421767585420932
"MSMDA",1.71382487342864e-06,0.188937685064528,0.121353607846965,0.00342573018821901,0.589334854949437
"KSETE",6.11934428834135e-117,3.27655815292064e-60,8.17802039322327e-269,3.77429131499801e-07,1.27593154805841e-67
