sloc,predictedValue,predictLabel,actualBugLabel
74.0,1.0174994480522714E-5,0.0,0.0
66.0,1.1658697119677779E-5,0.0,0.0
205.0,4.128179859356454E-5,0.0,1.0
419.0,1.2325702902192323E-4,0.0,1.0
97.0,8.311389499221585E-6,0.0,1.0
24.0,2.4659526207853728E-5,0.0,0.0
209.0,3.424421733375369E-4,0.0,0.0
156.0,2.5501934464731776E-5,0.0,1.0
1.0,9.283751029891725E-5,0.0,0.0
218.0,1.187927067230183E-5,0.0,1.0