"sloc","predictedValue","predictLabel","actualBugLabel"
97,0.478181069224217,0,1
156,0.504989569834817,1,1
218,0.512410753223474,1,1
74,0.479767726970154,0,0
24,0.471338951661678,0,0
209,0.522197723586241,1,0
1,0.489294944394778,0,0
