"sloc","predictedValue","predictLabel","actualBugLabel"
684,0.56593650075913,1,1
603,0.566546920159209,1,1
410,0.539635143629783,1,1
69,0.402665594988812,0,1
283,0.48360969978852,0,1
729,0.648262236155063,1,1
2509,0.553166421237014,1,1
456,0.468241885903579,0,1
383,0.52755853525253,1,1
78,0.40159207730188,0,0
417,0.479854778183949,0,0
78,0.442608047951266,0,0
82,0.435577990038658,0,0
442,0.441293948892744,0,0
162,0.42224869436938,0,0
33,0.386933974763309,0,0
