"sloc","predictedValue","predictLabel","actualBugLabel"
992,0.546977182468973,1,1
245,0.508415891763285,1,1
265,0.511923060374169,1,1
412,0.531506513122828,1,1
148,0.49900080004336,0,1
355,0.487116476714413,0,1
251,0.494055363453258,0,1
639,0.517122022421001,1,1
764,0.502112804949108,1,1
68,0.455906485186959,0,0
88,0.475232539975625,0,0
14,0.461343891405147,0,0
103,0.4883995921443,0,0
432,0.496832102652952,0,0
