sloc,predictedValue,predictLabel,actualBugLabel
74.0,0.05647121936690107,0.0,0.0
66.0,0.05155475866321514,0.0,0.0
205.0,1.7433303546062306,0.0,1.0
419.0,21.69077196727805,0.0,1.0
97.0,0.07900806857960038,0.0,1.0
24.0,0.014795715724712236,0.0,0.0
209.0,15.029786987784496,0.0,0.0
156.0,0.6245933789102106,0.0,1.0
1.0,1.856750205978345E-4,0.0,0.0
218.0,0.567140140437034,0.0,1.0