Index,Score,Classification,Effort,BugCount
0,3.000000,0.000000,74.000000,0.000000
1,4.000000,0.000000,66.000000,0.000000
2,9.000000,0.000000,205.000000,1.000000
3,14.000000,1.000000,419.000000,1.000000
4,1.000000,0.000000,97.000000,1.000000
5,1.000000,0.000000,24.000000,0.000000
6,11.000000,1.000000,209.000000,0.000000
7,13.000000,1.000000,156.000000,1.000000
8,3.000000,0.000000,1.000000,0.000000
9,12.000000,1.000000,218.000000,1.000000
